event_id,date,driver,team,model,actual_position,predicted_position,win_probability,podium_probability,top10_probability,expected_position,position_p10,position_p90
synthetic-10,2021-05-21 00:00:00+00:00,Synthetic Driver 01,Synthetic Team 1,uniform,7,1,0.1,0.300537109375,1.0,5.5,2.0,9.0
synthetic-10,2021-05-21 00:00:00+00:00,Synthetic Driver 02,Synthetic Team 1,uniform,4,2,0.1,0.292724609375,1.0,5.5,2.0,10.0
synthetic-10,2021-05-21 00:00:00+00:00,Synthetic Driver 03,Synthetic Team 2,uniform,8,3,0.1,0.29345703125,1.0,5.5,2.0,10.0
synthetic-10,2021-05-21 00:00:00+00:00,Synthetic Driver 04,Synthetic Team 2,uniform,6,4,0.1,0.304443359375,1.0,5.5,1.0,10.0
synthetic-10,2021-05-21 00:00:00+00:00,Synthetic Driver 05,Synthetic Team 3,uniform,1,5,0.1,0.298095703125,1.0,5.5,1.0,10.0
synthetic-10,2021-05-21 00:00:00+00:00,Synthetic Driver 06,Synthetic Team 3,uniform,2,6,0.1,0.302001953125,1.0,5.5,1.0,9.0
synthetic-10,2021-05-21 00:00:00+00:00,Synthetic Driver 07,Synthetic Team 4,uniform,10,7,0.1,0.298583984375,1.0,5.5,1.0,9.0
synthetic-10,2021-05-21 00:00:00+00:00,Synthetic Driver 08,Synthetic Team 4,uniform,9,8,0.1,0.30908203125,1.0,5.5,2.0,10.0
synthetic-10,2021-05-21 00:00:00+00:00,Synthetic Driver 09,Synthetic Team 5,uniform,5,9,0.1,0.31005859375,1.0,5.5,1.0,9.0
synthetic-10,2021-05-21 00:00:00+00:00,Synthetic Driver 10,Synthetic Team 5,uniform,3,10,0.1,0.291015625,1.0,5.5,2.0,10.0
synthetic-10,2021-05-21 00:00:00+00:00,Synthetic Driver 01,Synthetic Team 1,qualifying_order,7,9,0.0005449185607641998,0.003173828125,1.0,8.732102444169543,7.0,10.0
synthetic-10,2021-05-21 00:00:00+00:00,Synthetic Driver 02,Synthetic Team 1,qualifying_order,4,2,0.2433575965675501,0.87841796875,1.0,2.2678975558304577,1.0,4.0
synthetic-10,2021-05-21 00:00:00+00:00,Synthetic Driver 03,Synthetic Team 2,qualifying_order,8,10,0.000227914815429941,0.00146484375,1.0,9.436802793253793,8.0,10.0
synthetic-10,2021-05-21 00:00:00+00:00,Synthetic Driver 04,Synthetic Team 2,qualifying_order,6,8,0.0013028386825366446,0.0078125,1.0,7.881928716382039,6.0,9.0
synthetic-10,2021-05-21 00:00:00+00:00,Synthetic Driver 05,Synthetic Team 3,qualifying_order,1,1,0.581840504850319,0.9794921875,1.0,1.5631972067462068,1.0,3.0
synthetic-10,2021-05-21 00:00:00+00:00,Synthetic Driver 06,Synthetic Team 3,qualifying_order,2,4,0.04257227118646529,0.3056640625,1.0,4.047657425518631,2.0,6.0
synthetic-10,2021-05-21 00:00:00+00:00,Synthetic Driver 07,Synthetic Team 4,qualifying_order,10,7,0.0031149400202727263,0.021484375,1.0,6.952342574481368,5.0,8.0
synthetic-10,2021-05-21 00:00:00+00:00,Synthetic Driver 08,Synthetic Team 4,qualifying_order,9,6,0.007447469483332391,0.0537109375,1.0,5.987361918437664,4.0,8.0
synthetic-10,2021-05-21 00:00:00+00:00,Synthetic Driver 09,Synthetic Team 5,qualifying_order,5,5,0.017806057691059838,0.12841796875,1.0,5.0126380815623355,3.0,7.0
synthetic-10,2021-05-21 00:00:00+00:00,Synthetic Driver 10,Synthetic Team 5,qualifying_order,3,3,0.1017854881422699,0.620361328125,1.0,3.1180712836179607,1.0,5.0
synthetic-10,2021-05-21 00:00:00+00:00,Synthetic Driver 01,Synthetic Team 1,recent_form,7,7,0.0023746400086333197,0.0185546875,1.0,7.734371687348105,6.0,9.0
synthetic-10,2021-05-21 00:00:00+00:00,Synthetic Driver 02,Synthetic Team 1,recent_form,4,3,0.06393073889700003,0.42529296875,1.0,3.7463750688858735,2.0,6.0
synthetic-10,2021-05-21 00:00:00+00:00,Synthetic Driver 03,Synthetic Team 2,recent_form,8,9,0.0019564716026858812,0.01611328125,1.0,7.950517412147019,6.0,9.0
synthetic-10,2021-05-21 00:00:00+00:00,Synthetic Driver 04,Synthetic Team 2,recent_form,6,10,0.00028198839074913216,0.00146484375,1.0,9.618865930029264,8.0,10.0
synthetic-10,2021-05-21 00:00:00+00:00,Synthetic Driver 05,Synthetic Team 3,recent_form,1,1,0.6534321631337174,0.983642578125,1.0,1.4583830844981955,1.0,2.0
synthetic-10,2021-05-21 00:00:00+00:00,Synthetic Driver 06,Synthetic Team 3,recent_form,2,2,0.16839565586548738,0.7880859375,1.0,2.616686246658236,1.0,4.0
synthetic-10,2021-05-21 00:00:00+00:00,Synthetic Driver 07,Synthetic Team 4,recent_form,10,8,0.0023746400086333197,0.01708984375,1.0,7.734371687348105,6.0,9.0
synthetic-10,2021-05-21 00:00:00+00:00,Synthetic Driver 08,Synthetic Team 4,recent_form,9,4,0.0526726892227732,0.36669921875,1.0,3.9896950184118394,2.0,6.0
synthetic-10,2021-05-21 00:00:00+00:00,Synthetic Driver 09,Synthetic Team 5,recent_form,5,6,0.011183857795533079,0.0810546875,1.0,5.915724727217141,4.0,8.0
synthetic-10,2021-05-21 00:00:00+00:00,Synthetic Driver 10,Synthetic Team 5,recent_form,3,5,0.043397155074787336,0.302001953125,1.0,4.23500913745622,2.0,6.0
synthetic-10,2021-05-21 00:00:00+00:00,Synthetic Driver 01,Synthetic Team 1,ridge_rank,7,8,0.0005106202014060426,0.00537109375,1.0,8.00589819803961,7.0,9.0
synthetic-10,2021-05-21 00:00:00+00:00,Synthetic Driver 02,Synthetic Team 1,ridge_rank,4,2,0.10745341476242207,0.707275390625,1.0,2.8416294301544576,1.0,4.0
synthetic-10,2021-05-21 00:00:00+00:00,Synthetic Driver 03,Synthetic Team 2,ridge_rank,8,9,0.00015187856180255731,0.001708984375,1.0,9.076715747459504,8.0,10.0
synthetic-10,2021-05-21 00:00:00+00:00,Synthetic Driver 04,Synthetic Team 2,ridge_rank,6,10,0.00012581976206413795,0.000732421875,1.0,9.225711231017794,8.0,10.0
synthetic-10,2021-05-21 00:00:00+00:00,Synthetic Driver 05,Synthetic Team 3,ridge_rank,1,1,0.7280113698543647,0.991943359375,1.0,1.336063701793837,1.0,2.0
synthetic-10,2021-05-21 00:00:00+00:00,Synthetic Driver 06,Synthetic Team 3,ridge_rank,2,3,0.07742969261103962,0.600341796875,1.0,3.1738830228071064,2.0,5.0
synthetic-10,2021-05-21 00:00:00+00:00,Synthetic Driver 07,Synthetic Team 4,ridge_rank,10,7,0.0013265878947192132,0.011962890625,1.0,7.126490587033848,6.0,8.0
synthetic-10,2021-05-21 00:00:00+00:00,Synthetic Driver 08,Synthetic Team 4,ridge_rank,9,5,0.010622859612989541,0.09814453125,1.0,5.185932791664827,4.0,6.0
synthetic-10,2021-05-21 00:00:00+00:00,Synthetic Driver 09,Synthetic Team 5,ridge_rank,5,6,0.006048463591504599,0.060546875,1.0,5.724474428985721,4.0,7.0
synthetic-10,2021-05-21 00:00:00+00:00,Synthetic Driver 10,Synthetic Team 5,ridge_rank,3,4,0.06831929314768759,0.52197265625,1.0,3.303200861043296,2.0,5.0
synthetic-10,2021-05-21 00:00:00+00:00,Synthetic Driver 01,Synthetic Team 1,gradient_boosting,7,8,0.005969931113756098,0.028076171875,1.0,7.342711515820807,5.0,9.0
synthetic-10,2021-05-21 00:00:00+00:00,Synthetic Driver 02,Synthetic Team 1,gradient_boosting,4,2,0.2558122828142595,0.762939453125,1.0,2.536988442155858,1.0,4.0
synthetic-10,2021-05-21 00:00:00+00:00,Synthetic Driver 03,Synthetic Team 2,gradient_boosting,8,10,0.0016018897344468148,0.0078125,1.0,8.91789969623592,7.0,10.0
synthetic-10,2021-05-21 00:00:00+00:00,Synthetic Driver 04,Synthetic Team 2,gradient_boosting,6,9,0.0017916021304789941,0.0068359375,1.0,8.80263391916019,7.0,10.0
synthetic-10,2021-05-21 00:00:00+00:00,Synthetic Driver 05,Synthetic Team 3,gradient_boosting,1,1,0.3604110466662933,0.86572265625,1.0,2.164131602048146,1.0,4.0
synthetic-10,2021-05-21 00:00:00+00:00,Synthetic Driver 06,Synthetic Team 3,gradient_boosting,2,4,0.09194287162108937,0.385986328125,1.0,3.77373942763246,2.0,5.0
synthetic-10,2021-05-21 00:00:00+00:00,Synthetic Driver 07,Synthetic Team 4,gradient_boosting,10,7,0.006676952272193596,0.028564453125,1.0,7.193783949484507,5.0,9.0
synthetic-10,2021-05-21 00:00:00+00:00,Synthetic Driver 08,Synthetic Team 4,gradient_boosting,9,5,0.029742922517580143,0.12841796875,1.0,5.205348965601006,3.0,7.0
synthetic-10,2021-05-21 00:00:00+00:00,Synthetic Driver 09,Synthetic Team 5,gradient_boosting,5,6,0.011822022223258045,0.0576171875,1.0,6.425079182385527,4.0,8.0
synthetic-10,2021-05-21 00:00:00+00:00,Synthetic Driver 10,Synthetic Team 5,gradient_boosting,3,3,0.2342284789066441,0.72802734375,1.0,2.6376832994755786,1.0,4.0
synthetic-11,2021-06-04 00:00:00+00:00,Synthetic Driver 01,Synthetic Team 1,uniform,6,1,0.1,0.300537109375,1.0,5.5,2.0,9.0
synthetic-11,2021-06-04 00:00:00+00:00,Synthetic Driver 02,Synthetic Team 1,uniform,3,2,0.1,0.292724609375,1.0,5.5,2.0,10.0
synthetic-11,2021-06-04 00:00:00+00:00,Synthetic Driver 03,Synthetic Team 2,uniform,5,3,0.1,0.29345703125,1.0,5.5,2.0,10.0
synthetic-11,2021-06-04 00:00:00+00:00,Synthetic Driver 04,Synthetic Team 2,uniform,8,4,0.1,0.304443359375,1.0,5.5,1.0,10.0
synthetic-11,2021-06-04 00:00:00+00:00,Synthetic Driver 05,Synthetic Team 3,uniform,7,5,0.1,0.298095703125,1.0,5.5,1.0,10.0
synthetic-11,2021-06-04 00:00:00+00:00,Synthetic Driver 06,Synthetic Team 3,uniform,1,6,0.1,0.302001953125,1.0,5.5,1.0,9.0
synthetic-11,2021-06-04 00:00:00+00:00,Synthetic Driver 07,Synthetic Team 4,uniform,4,7,0.1,0.298583984375,1.0,5.5,1.0,9.0
synthetic-11,2021-06-04 00:00:00+00:00,Synthetic Driver 08,Synthetic Team 4,uniform,9,8,0.1,0.30908203125,1.0,5.5,2.0,10.0
synthetic-11,2021-06-04 00:00:00+00:00,Synthetic Driver 09,Synthetic Team 5,uniform,10,9,0.1,0.31005859375,1.0,5.5,1.0,9.0
synthetic-11,2021-06-04 00:00:00+00:00,Synthetic Driver 10,Synthetic Team 5,uniform,2,10,0.1,0.291015625,1.0,5.5,2.0,10.0
synthetic-11,2021-06-04 00:00:00+00:00,Synthetic Driver 01,Synthetic Team 1,qualifying_order,6,7,0.0031149400202727263,0.024658203125,1.0,6.952342574481368,5.0,8.0
synthetic-11,2021-06-04 00:00:00+00:00,Synthetic Driver 02,Synthetic Team 1,qualifying_order,3,3,0.1017854881422699,0.62646484375,1.0,3.1180712836179607,2.0,5.0
synthetic-11,2021-06-04 00:00:00+00:00,Synthetic Driver 03,Synthetic Team 2,qualifying_order,5,9,0.0005449185607641998,0.005126953125,1.0,8.732102444169541,7.0,10.0
synthetic-11,2021-06-04 00:00:00+00:00,Synthetic Driver 04,Synthetic Team 2,qualifying_order,8,10,0.000227914815429941,0.000732421875,1.0,9.436802793253793,8.0,10.0
synthetic-11,2021-06-04 00:00:00+00:00,Synthetic Driver 05,Synthetic Team 3,qualifying_order,7,1,0.581840504850319,0.98193359375,1.0,1.5631972067462068,1.0,3.0
synthetic-11,2021-06-04 00:00:00+00:00,Synthetic Driver 06,Synthetic Team 3,qualifying_order,1,2,0.2433575965675501,0.8857421875,1.0,2.2678975558304573,1.0,4.0
synthetic-11,2021-06-04 00:00:00+00:00,Synthetic Driver 07,Synthetic Team 4,qualifying_order,4,5,0.017806057691059838,0.11962890625,1.0,5.012638081562336,3.0,7.0
synthetic-11,2021-06-04 00:00:00+00:00,Synthetic Driver 08,Synthetic Team 4,qualifying_order,9,8,0.0013028386825366446,0.01025390625,1.0,7.881928716382039,6.0,9.0
synthetic-11,2021-06-04 00:00:00+00:00,Synthetic Driver 09,Synthetic Team 5,qualifying_order,10,6,0.007447469483332391,0.0576171875,1.0,5.9873619184376645,4.0,8.0
synthetic-11,2021-06-04 00:00:00+00:00,Synthetic Driver 10,Synthetic Team 5,qualifying_order,2,4,0.04257227118646529,0.287841796875,1.0,4.047657425518631,2.0,6.0
synthetic-11,2021-06-04 00:00:00+00:00,Synthetic Driver 01,Synthetic Team 1,recent_form,6,7,0.002003628018461388,0.021728515625,1.0,7.7167318461264465,6.0,10.0
synthetic-11,2021-06-04 00:00:00+00:00,Synthetic Driver 02,Synthetic Team 1,recent_form,3,3,0.06547164779653306,0.574462890625,1.0,3.358530726285913,2.0,5.0
synthetic-11,2021-06-04 00:00:00+00:00,Synthetic Driver 03,Synthetic Team 2,recent_form,5,9,0.0016507939334861957,0.01708984375,1.0,7.957262153093393,6.0,10.0
synthetic-11,2021-06-04 00:00:00+00:00,Synthetic Driver 04,Synthetic Team 2,recent_form,8,10,0.0005163539129466249,0.003662109375,1.0,9.20820798474106,7.0,10.0
synthetic-11,2021-06-04 00:00:00+00:00,Synthetic Driver 05,Synthetic Team 3,recent_form,7,1,0.6691816985338331,0.992919921875,1.0,1.4090534794126226,1.0,2.0
synthetic-11,2021-06-04 00:00:00+00:00,Synthetic Driver 06,Synthetic Team 3,recent_form,1,2,0.20931418604168447,0.9013671875,1.0,2.247895558712242,1.0,3.0
synthetic-11,2021-06-04 00:00:00+00:00,Synthetic Driver 07,Synthetic Team 4,recent_form,4,8,0.0016507939334861972,0.015869140625,1.0,7.957262153093392,6.0,10.0
synthetic-11,2021-06-04 00:00:00+00:00,Synthetic Driver 08,Synthetic Team 4,recent_form,9,5,0.01390142803415233,0.1318359375,1.0,5.209356753315471,3.0,7.0
synthetic-11,2021-06-04 00:00:00+00:00,Synthetic Driver 09,Synthetic Team 5,recent_form,10,6,0.011453419923322878,0.112060546875,1.0,5.459215215345991,3.0,7.0
synthetic-11,2021-06-04 00:00:00+00:00,Synthetic Driver 10,Synthetic Team 5,recent_form,2,4,0.024856049872093826,0.22900390625,1.0,4.476484129873466,3.0,6.0
synthetic-11,2021-06-04 00:00:00+00:00,Synthetic Driver 01,Synthetic Team 1,ridge_rank,6,8,0.0012107618359434385,0.012939453125,1.0,7.575389355001174,6.0,9.0
synthetic-11,2021-06-04 00:00:00+00:00,Synthetic Driver 02,Synthetic Team 1,ridge_rank,3,3,0.09373742860818772,0.725341796875,1.0,2.85879656635861,2.0,4.0
synthetic-11,2021-06-04 00:00:00+00:00,Synthetic Driver 03,Synthetic Team 2,ridge_rank,5,9,0.0004687931995111144,0.005859375,1.0,8.545433581169368,7.0,10.0
synthetic-11,2021-06-04 00:00:00+00:00,Synthetic Driver 04,Synthetic Team 2,ridge_rank,8,10,0.00010374508869115094,0.000244140625,1.0,9.653100100129473,9.0,10.0
synthetic-11,2021-06-04 00:00:00+00:00,Synthetic Driver 05,Synthetic Team 3,ridge_rank,7,1,0.7406382047610583,0.995849609375,1.0,1.3123974595744148,1.0,2.0
synthetic-11,2021-06-04 00:00:00+00:00,Synthetic Driver 06,Synthetic Team 3,ridge_rank,1,2,0.11628690135555891,0.8037109375,1.0,2.6603686564329014,1.0,4.0
synthetic-11,2021-06-04 00:00:00+00:00,Synthetic Driver 07,Synthetic Team 4,ridge_rank,4,7,0.002482883156049739,0.02197265625,1.0,6.737646498454739,5.0,8.0
synthetic-11,2021-06-04 00:00:00+00:00,Synthetic Driver 08,Synthetic Team 4,ridge_rank,9,5,0.005277003769332884,0.054443359375,1.0,5.83622991808417,4.0,8.0
synthetic-11,2021-06-04 00:00:00+00:00,Synthetic Driver 09,Synthetic Team 5,ridge_rank,10,6,0.004545555072226962,0.052490234375,1.0,6.012441634283894,4.0,8.0
synthetic-11,2021-06-04 00:00:00+00:00,Synthetic Driver 10,Synthetic Team 5,ridge_rank,2,4,0.03524872315343993,0.3271484375,1.0,3.808196230511256,2.0,5.0
synthetic-11,2021-06-04 00:00:00+00:00,Synthetic Driver 01,Synthetic Team 1,gradient_boosting,6,8,0.002653818468082948,0.014404296875,1.0,7.69152782586052,5.0,10.0
synthetic-11,2021-06-04 00:00:00+00:00,Synthetic Driver 02,Synthetic Team 1,gradient_boosting,3,3,0.2331144135302877,0.839111328125,1.0,2.446080004325898,1.0,4.0
synthetic-11,2021-06-04 00:00:00+00:00,Synthetic Driver 03,Synthetic Team 2,gradient_boosting,5,9,0.001450072354767461,0.008544921875,1.0,8.46426565087974,6.0,10.0
synthetic-11,2021-06-04 00:00:00+00:00,Synthetic Driver 04,Synthetic Team 2,gradient_boosting,8,10,0.0009233697205387521,0.00439453125,1.0,8.96518125122702,7.0,10.0
synthetic-11,2021-06-04 00:00:00+00:00,Synthetic Driver 05,Synthetic Team 3,gradient_boosting,7,1,0.38876821512056625,0.939208984375,1.0,1.975425461440179,1.0,3.0
synthetic-11,2021-06-04 00:00:00+00:00,Synthetic Driver 06,Synthetic Team 3,gradient_boosting,1,2,0.31523551812856876,0.901123046875,1.0,2.163445714273974,1.0,3.0
synthetic-11,2021-06-04 00:00:00+00:00,Synthetic Driver 07,Synthetic Team 4,gradient_boosting,4,7,0.0048981979021921794,0.022216796875,1.0,6.842096961466594,5.0,9.0
synthetic-11,2021-06-04 00:00:00+00:00,Synthetic Driver 08,Synthetic Team 4,gradient_boosting,9,5,0.008653674912964721,0.0439453125,1.0,6.051985924739541,4.0,8.0
synthetic-11,2021-06-04 00:00:00+00:00,Synthetic Driver 09,Synthetic Team 5,gradient_boosting,10,6,0.008473566254702707,0.04833984375,1.0,6.080600153461859,4.0,8.0
synthetic-11,2021-06-04 00:00:00+00:00,Synthetic Driver 10,Synthetic Team 5,gradient_boosting,2,4,0.03582915360732854,0.1787109375,1.0,4.319391052324672,3.0,6.0
synthetic-12,2021-06-18 00:00:00+00:00,Synthetic Driver 01,Synthetic Team 1,uniform,7,1,0.1,0.300537109375,1.0,5.5,2.0,9.0
synthetic-12,2021-06-18 00:00:00+00:00,Synthetic Driver 02,Synthetic Team 1,uniform,2,2,0.1,0.292724609375,1.0,5.5,2.0,10.0
synthetic-12,2021-06-18 00:00:00+00:00,Synthetic Driver 03,Synthetic Team 2,uniform,10,3,0.1,0.29345703125,1.0,5.5,2.0,10.0
synthetic-12,2021-06-18 00:00:00+00:00,Synthetic Driver 04,Synthetic Team 2,uniform,9,4,0.1,0.304443359375,1.0,5.5,1.0,10.0
synthetic-12,2021-06-18 00:00:00+00:00,Synthetic Driver 05,Synthetic Team 3,uniform,1,5,0.1,0.298095703125,1.0,5.5,1.0,10.0
synthetic-12,2021-06-18 00:00:00+00:00,Synthetic Driver 06,Synthetic Team 3,uniform,4,6,0.1,0.302001953125,1.0,5.5,1.0,9.0
synthetic-12,2021-06-18 00:00:00+00:00,Synthetic Driver 07,Synthetic Team 4,uniform,8,7,0.1,0.298583984375,1.0,5.5,1.0,9.0
synthetic-12,2021-06-18 00:00:00+00:00,Synthetic Driver 08,Synthetic Team 4,uniform,5,8,0.1,0.30908203125,1.0,5.5,2.0,10.0
synthetic-12,2021-06-18 00:00:00+00:00,Synthetic Driver 09,Synthetic Team 5,uniform,6,9,0.1,0.31005859375,1.0,5.5,1.0,9.0
synthetic-12,2021-06-18 00:00:00+00:00,Synthetic Driver 10,Synthetic Team 5,uniform,3,10,0.1,0.291015625,1.0,5.5,2.0,10.0
synthetic-12,2021-06-18 00:00:00+00:00,Synthetic Driver 01,Synthetic Team 1,qualifying_order,7,7,4.1682066059428156e-05,0.00146484375,1.0,6.998295810852585,6.0,8.0
synthetic-12,2021-06-18 00:00:00+00:00,Synthetic Driver 02,Synthetic Team 1,qualifying_order,2,4,0.005799852755616575,0.15576171875,1.0,4.001704189147416,3.0,5.0
synthetic-12,2021-06-18 00:00:00+00:00,Synthetic Driver 03,Synthetic Team 2,qualifying_order,10,10,2.9955840332326355e-07,0.0,1.0,9.793481669692122,9.0,10.0
synthetic-12,2021-06-18 00:00:00+00:00,Synthetic Driver 04,Synthetic Team 2,qualifying_order,9,9,1.5522824613097262e-06,0.000244140625,1.0,8.955244538429788,8.0,10.0
synthetic-12,2021-06-18 00:00:00+00:00,Synthetic Driver 05,Synthetic Team 3,qualifying_order,1,1,0.8070207445780994,0.999755859375,1.0,1.2065183303078781,1.0,2.0
synthetic-12,2021-06-18 00:00:00+00:00,Synthetic Driver 06,Synthetic Team 3,qualifying_order,4,3,0.030054271924420246,0.82080078125,1.0,3.0088496210901785,2.0,4.0
synthetic-12,2021-06-18 00:00:00+00:00,Synthetic Driver 07,Synthetic Team 4,qualifying_order,8,8,8.043776482175753e-06,0.000244140625,1.0,7.991150378909821,7.0,9.0
synthetic-12,2021-06-18 00:00:00+00:00,Synthetic Driver 08,Synthetic Team 4,qualifying_order,5,5,0.0011192516016167678,0.0302734375,1.0,5.000267570088818,4.0,6.0
synthetic-12,2021-06-18 00:00:00+00:00,Synthetic Driver 09,Synthetic Team 5,qualifying_order,6,6,0.0002159924054121139,0.006103515625,1.0,5.999732429911182,5.0,7.0
synthetic-12,2021-06-18 00:00:00+00:00,Synthetic Driver 10,Synthetic Team 5,qualifying_order,3,2,0.15573830905142858,0.9853515625,1.0,2.044755461570211,1.0,3.0
synthetic-12,2021-06-18 00:00:00+00:00,Synthetic Driver 01,Synthetic Team 1,recent_form,7,7,0.0003403473293059048,0.006591796875,1.0,7.493934070906733,6.0,9.0
synthetic-12,2021-06-18 00:00:00+00:00,Synthetic Driver 02,Synthetic Team 1,recent_form,2,3,0.03663137256722432,0.537841796875,1.0,3.385838935848226,2.0,4.0
synthetic-12,2021-06-18 00:00:00+00:00,Synthetic Driver 03,Synthetic Team 2,recent_form,10,9,9.774040219312267e-05,0.001708984375,1.0,8.729533218637556,7.0,10.0
synthetic-12,2021-06-18 00:00:00+00:00,Synthetic Driver 04,Synthetic Team 2,recent_form,9,10,3.8343164503226486e-05,0.000244140625,1.0,9.472901206524195,8.0,10.0
synthetic-12,2021-06-18 00:00:00+00:00,Synthetic Driver 05,Synthetic Team 3,recent_form,1,2,0.32515286579998526,0.98388671875,1.0,1.8427478941850266,1.0,3.0
synthetic-12,2021-06-18 00:00:00+00:00,Synthetic Driver 06,Synthetic Team 3,recent_form,4,1,0.6067526736775906,0.99755859375,1.0,1.4558105999432285,1.0,2.0
synthetic-12,2021-06-18 00:00:00+00:00,Synthetic Driver 07,Synthetic Team 4,recent_form,8,8,0.00034034732930590363,0.00634765625,1.0,7.493934070906737,6.0,9.0
synthetic-12,2021-06-18 00:00:00+00:00,Synthetic Driver 08,Synthetic Team 4,recent_form,5,6,0.0016189469899924624,0.024658203125,1.0,5.89796591180155,5.0,7.0
synthetic-12,2021-06-18 00:00:00+00:00,Synthetic Driver 09,Synthetic Team 5,recent_form,6,5,0.0022115394202149212,0.035888671875,1.0,5.6052461678134895,5.0,7.0
synthetic-12,2021-06-18 00:00:00+00:00,Synthetic Driver 10,Synthetic Team 5,recent_form,3,4,0.026815823319684236,0.4052734375,1.0,3.6220879234332575,3.0,5.0
synthetic-12,2021-06-18 00:00:00+00:00,Synthetic Driver 01,Synthetic Team 1,ridge_rank,7,7,0.0002718217780231349,0.00341796875,1.0,7.00845644964455,6.0,8.0
synthetic-12,2021-06-18 00:00:00+00:00,Synthetic Driver 02,Synthetic Team 1,ridge_rank,2,4,0.025798022638508594,0.34326171875,1.0,3.6253046506561444,2.0,4.0
synthetic-12,2021-06-18 00:00:00+00:00,Synthetic Driver 03,Synthetic Team 2,ridge_rank,10,9,1.3586872712236751e-05,0.000244140625,1.0,9.224422210602343,8.0,10.0
synthetic-12,2021-06-18 00:00:00+00:00,Synthetic Driver 04,Synthetic Team 2,ridge_rank,9,10,8.88909732033657e-06,0.000244140625,1.0,9.489649403471747,9.0,10.0
synthetic-12,2021-06-18 00:00:00+00:00,Synthetic Driver 05,Synthetic Team 3,ridge_rank,1,1,0.7329988627693749,0.998046875,1.0,1.306636778426783,1.0,2.0
synthetic-12,2021-06-18 00:00:00+00:00,Synthetic Driver 06,Synthetic Team 3,ridge_rank,4,2,0.18709155362096647,0.94921875,1.0,2.1486675503881187,1.0,3.0
synthetic-12,2021-06-18 00:00:00+00:00,Synthetic Driver 07,Synthetic Team 4,ridge_rank,8,8,0.00012210416694933036,0.002685546875,1.0,7.6667443523996495,6.0,9.0
synthetic-12,2021-06-18 00:00:00+00:00,Synthetic Driver 08,Synthetic Team 4,ridge_rank,5,5,0.0018755931686640429,0.026123046875,1.0,5.402413627987126,5.0,6.0
synthetic-12,2021-06-18 00:00:00+00:00,Synthetic Driver 09,Synthetic Team 5,ridge_rank,6,6,0.0008768229991476199,0.014404296875,1.0,6.00996034005413,5.0,7.0
synthetic-12,2021-06-18 00:00:00+00:00,Synthetic Driver 10,Synthetic Team 5,ridge_rank,3,3,0.05094274288833353,0.662353515625,1.0,3.1177446363694106,2.0,4.0
synthetic-12,2021-06-18 00:00:00+00:00,Synthetic Driver 01,Synthetic Team 1,gradient_boosting,7,6,9.557794668597681e-10,0.0,1.0,6.290139428176654,6.0,7.0
synthetic-12,2021-06-18 00:00:00+00:00,Synthetic Driver 02,Synthetic Team 1,gradient_boosting,2,4,5.994779258134888e-05,0.0048828125,1.0,3.9956589496446524,4.0,4.0
synthetic-12,2021-06-18 00:00:00+00:00,Synthetic Driver 03,Synthetic Team 2,gradient_boosting,10,10,1.4475362355775177e-12,0.0,1.0,9.698438543978282,9.0,10.0
synthetic-12,2021-06-18 00:00:00+00:00,Synthetic Driver 04,Synthetic Team 2,gradient_boosting,9,9,3.642269354460184e-12,0.0,1.0,9.241698828303164,9.0,10.0
synthetic-12,2021-06-18 00:00:00+00:00,Synthetic Driver 05,Synthetic Team 3,gradient_boosting,1,1,0.4932460237262803,1.0,1.0,1.5266622060564694,1.0,2.0
synthetic-12,2021-06-18 00:00:00+00:00,Synthetic Driver 06,Synthetic Team 3,gradient_boosting,4,2,0.4932460237262803,1.0,1.0,1.5266622060564694,1.0,2.0
synthetic-12,2021-06-18 00:00:00+00:00,Synthetic Driver 07,Synthetic Team 4,gradient_boosting,8,7,2.3003431959825703e-10,0.0,1.0,7.216691266941699,6.0,8.0
synthetic-12,2021-06-18 00:00:00+00:00,Synthetic Driver 08,Synthetic Team 4,gradient_boosting,5,5,1.9041415474190397e-08,0.0,1.0,5.067695717254331,5.0,5.0
synthetic-12,2021-06-18 00:00:00+00:00,Synthetic Driver 09,Synthetic Team 5,gradient_boosting,6,8,1.5385532264196851e-10,0.0,1.0,7.484994652420954,6.0,8.0
synthetic-12,2021-06-18 00:00:00+00:00,Synthetic Driver 10,Synthetic Team 5,gradient_boosting,3,3,0.013447984368683517,0.9951171875,1.0,2.9513582011673227,3.0,3.0
synthetic-13,2021-07-02 00:00:00+00:00,Synthetic Driver 01,Synthetic Team 1,uniform,8,1,0.1,0.300537109375,1.0,5.5,2.0,9.0
synthetic-13,2021-07-02 00:00:00+00:00,Synthetic Driver 02,Synthetic Team 1,uniform,2,2,0.1,0.292724609375,1.0,5.5,2.0,10.0
synthetic-13,2021-07-02 00:00:00+00:00,Synthetic Driver 03,Synthetic Team 2,uniform,10,3,0.1,0.29345703125,1.0,5.5,2.0,10.0
synthetic-13,2021-07-02 00:00:00+00:00,Synthetic Driver 04,Synthetic Team 2,uniform,9,4,0.1,0.304443359375,1.0,5.5,1.0,10.0
synthetic-13,2021-07-02 00:00:00+00:00,Synthetic Driver 05,Synthetic Team 3,uniform,1,5,0.1,0.298095703125,1.0,5.5,1.0,10.0
synthetic-13,2021-07-02 00:00:00+00:00,Synthetic Driver 06,Synthetic Team 3,uniform,3,6,0.1,0.302001953125,1.0,5.5,1.0,9.0
synthetic-13,2021-07-02 00:00:00+00:00,Synthetic Driver 07,Synthetic Team 4,uniform,7,7,0.1,0.298583984375,1.0,5.5,1.0,9.0
synthetic-13,2021-07-02 00:00:00+00:00,Synthetic Driver 08,Synthetic Team 4,uniform,5,8,0.1,0.30908203125,1.0,5.5,2.0,10.0
synthetic-13,2021-07-02 00:00:00+00:00,Synthetic Driver 09,Synthetic Team 5,uniform,6,9,0.1,0.31005859375,1.0,5.5,1.0,9.0
synthetic-13,2021-07-02 00:00:00+00:00,Synthetic Driver 10,Synthetic Team 5,uniform,4,10,0.1,0.291015625,1.0,5.5,2.0,10.0
synthetic-13,2021-07-02 00:00:00+00:00,Synthetic Driver 01,Synthetic Team 1,qualifying_order,8,7,4.168206605942816e-05,0.000732421875,1.0,6.998295810852584,6.0,8.0
synthetic-13,2021-07-02 00:00:00+00:00,Synthetic Driver 02,Synthetic Team 1,qualifying_order,2,3,0.03005427192442025,0.812255859375,1.0,3.0088496210901785,2.0,4.0
synthetic-13,2021-07-02 00:00:00+00:00,Synthetic Driver 03,Synthetic Team 2,qualifying_order,10,9,1.5522824613097267e-06,0.000244140625,1.0,8.95524453842979,8.0,10.0
synthetic-13,2021-07-02 00:00:00+00:00,Synthetic Driver 04,Synthetic Team 2,qualifying_order,9,10,2.995584033232636e-07,0.0,1.0,9.793481669692122,9.0,10.0
synthetic-13,2021-07-02 00:00:00+00:00,Synthetic Driver 05,Synthetic Team 3,qualifying_order,1,1,0.8070207445780995,1.0,1.0,1.206518330307878,1.0,2.0
synthetic-13,2021-07-02 00:00:00+00:00,Synthetic Driver 06,Synthetic Team 3,qualifying_order,3,2,0.1557383090514286,0.9892578125,1.0,2.044755461570211,1.0,3.0
synthetic-13,2021-07-02 00:00:00+00:00,Synthetic Driver 07,Synthetic Team 4,qualifying_order,7,6,0.00021599240541211393,0.0068359375,1.0,5.999732429911181,5.0,7.0
synthetic-13,2021-07-02 00:00:00+00:00,Synthetic Driver 08,Synthetic Team 4,qualifying_order,5,4,0.005799852755616576,0.160400390625,1.0,4.001704189147416,3.0,5.0
synthetic-13,2021-07-02 00:00:00+00:00,Synthetic Driver 09,Synthetic Team 5,qualifying_order,6,8,8.043776482175755e-06,0.0,1.0,7.991150378909821,7.0,9.0
synthetic-13,2021-07-02 00:00:00+00:00,Synthetic Driver 10,Synthetic Team 5,qualifying_order,4,5,0.001119251601616768,0.0302734375,1.0,5.000267570088818,4.0,6.0
synthetic-13,2021-07-02 00:00:00+00:00,Synthetic Driver 01,Synthetic Team 1,recent_form,8,8,0.0005972987483610614,0.006103515625,1.0,8.013551819676222,6.0,9.0
synthetic-13,2021-07-02 00:00:00+00:00,Synthetic Driver 02,Synthetic Team 1,recent_form,2,3,0.055069790352895366,0.46728515625,1.0,3.480656087844577,2.0,5.0
synthetic-13,2021-07-02 00:00:00+00:00,Synthetic Driver 03,Synthetic Team 2,recent_form,10,9,0.0003507905306215289,0.004150390625,1.0,8.54673981458673,7.0,10.0
synthetic-13,2021-07-02 00:00:00+00:00,Synthetic Driver 04,Synthetic Team 2,recent_form,9,10,0.00012099303608408975,0.00048828125,1.0,9.444848475500116,8.0,10.0
synthetic-13,2021-07-02 00:00:00+00:00,Synthetic Driver 05,Synthetic Team 3,recent_form,1,1,0.6040324467847529,0.989013671875,1.0,1.5004198603871544,1.0,2.0
synthetic-13,2021-07-02 00:00:00+00:00,Synthetic Driver 06,Synthetic Team 3,recent_form,3,2,0.2718595872528551,0.9375,1.0,2.0769593220254947,1.0,3.0
synthetic-13,2021-07-02 00:00:00+00:00,Synthetic Driver 07,Synthetic Team 4,recent_form,7,7,0.0013271109107453871,0.0126953125,1.0,7.171374037956841,6.0,9.0
synthetic-13,2021-07-02 00:00:00+00:00,Synthetic Driver 08,Synthetic Team 4,recent_form,5,5,0.006551465370069876,0.05908203125,1.0,5.507917372506025,4.0,7.0
synthetic-13,2021-07-02 00:00:00+00:00,Synthetic Driver 09,Synthetic Team 5,recent_form,6,6,0.005020726660719502,0.05029296875,1.0,5.776877121672259,4.0,7.0
synthetic-13,2021-07-02 00:00:00+00:00,Synthetic Driver 10,Synthetic Team 5,recent_form,4,4,0.05506979035289532,0.473388671875,1.0,3.4806560878445785,2.0,5.0
synthetic-13,2021-07-02 00:00:00+00:00,Synthetic Driver 01,Synthetic Team 1,ridge_rank,8,8,0.0005045749299340026,0.0078125,1.0,7.1985201970667205,6.0,8.0
synthetic-13,2021-07-02 00:00:00+00:00,Synthetic Driver 02,Synthetic Team 1,ridge_rank,2,3,0.04289589550438296,0.653564453125,1.0,3.2343525301886866,2.0,4.0
synthetic-13,2021-07-02 00:00:00+00:00,Synthetic Driver 03,Synthetic Team 2,ridge_rank,10,9,4.595251601217164e-05,0.000732421875,1.0,9.06004725669271,8.0,10.0
synthetic-13,2021-07-02 00:00:00+00:00,Synthetic Driver 04,Synthetic Team 2,ridge_rank,9,10,1.703689733243283e-05,0.000244140625,1.0,9.648106534251337,9.0,10.0
synthetic-13,2021-07-02 00:00:00+00:00,Synthetic Driver 05,Synthetic Team 3,ridge_rank,1,1,0.6817017614667371,0.99755859375,1.0,1.3630283410699682,1.0,2.0
synthetic-13,2021-07-02 00:00:00+00:00,Synthetic Driver 06,Synthetic Team 3,ridge_rank,3,2,0.2517347772719767,0.9794921875,1.0,1.9658406847743408,1.0,3.0
synthetic-13,2021-07-02 00:00:00+00:00,Synthetic Driver 07,Synthetic Team 4,ridge_rank,7,6,0.0009386507294567054,0.014404296875,1.0,6.599074641959561,5.0,8.0
synthetic-13,2021-07-02 00:00:00+00:00,Synthetic Driver 08,Synthetic Team 4,ridge_rank,5,5,0.006328690766571752,0.1005859375,1.0,4.846332518973816,3.0,6.0
synthetic-13,2021-07-02 00:00:00+00:00,Synthetic Driver 09,Synthetic Team 5,ridge_rank,6,7,0.0006225127274185034,0.01123046875,1.0,6.997756620751865,6.0,8.0
synthetic-13,2021-07-02 00:00:00+00:00,Synthetic Driver 10,Synthetic Team 5,ridge_rank,4,4,0.015210147190177738,0.234375,1.0,4.086940674270995,3.0,5.0
synthetic-13,2021-07-02 00:00:00+00:00,Synthetic Driver 01,Synthetic Team 1,gradient_boosting,8,7,2.2806862572904472e-07,0.0,1.0,7.419159897967203,6.0,8.0
synthetic-13,2021-07-02 00:00:00+00:00,Synthetic Driver 02,Synthetic Team 1,gradient_boosting,2,3,0.04871547696250379,0.973876953125,1.0,2.837063854412571,2.0,3.0
synthetic-13,2021-07-02 00:00:00+00:00,Synthetic Driver 03,Synthetic Team 2,gradient_boosting,10,9,1.6255780211153428e-08,0.0,1.0,9.049872941903793,8.0,10.0
synthetic-13,2021-07-02 00:00:00+00:00,Synthetic Driver 04,Synthetic Team 2,gradient_boosting,9,10,4.184807815355294e-09,0.0,1.0,9.753238379912801,9.0,10.0
synthetic-13,2021-07-02 00:00:00+00:00,Synthetic Driver 05,Synthetic Team 3,gradient_boosting,1,1,0.4750694799382695,0.999755859375,1.0,1.5954133014344904,1.0,2.0
synthetic-13,2021-07-02 00:00:00+00:00,Synthetic Driver 06,Synthetic Team 3,gradient_boosting,3,2,0.4750694799382695,0.999755859375,1.0,1.5954133014344904,1.0,2.0
synthetic-13,2021-07-02 00:00:00+00:00,Synthetic Driver 07,Synthetic Team 4,gradient_boosting,7,6,1.7038468811306116e-06,0.0,1.0,6.2146976888525085,6.0,7.0
synthetic-13,2021-07-02 00:00:00+00:00,Synthetic Driver 08,Synthetic Team 4,gradient_boosting,5,5,0.00012007735747738558,0.00390625,1.0,4.90965870793789,4.0,5.0
synthetic-13,2021-07-02 00:00:00+00:00,Synthetic Driver 09,Synthetic Team 5,gradient_boosting,6,8,1.90241153202145e-07,0.0,1.0,7.5432483986928895,7.0,8.0
synthetic-13,2021-07-02 00:00:00+00:00,Synthetic Driver 10,Synthetic Team 5,gradient_boosting,4,4,0.0010233432062318462,0.022705078125,1.0,4.082233527451362,4.0,5.0
synthetic-14,2021-07-16 00:00:00+00:00,Synthetic Driver 01,Synthetic Team 1,uniform,10,1,0.1,0.300537109375,1.0,5.5,2.0,9.0
synthetic-14,2021-07-16 00:00:00+00:00,Synthetic Driver 02,Synthetic Team 1,uniform,1,2,0.1,0.292724609375,1.0,5.5,2.0,10.0
synthetic-14,2021-07-16 00:00:00+00:00,Synthetic Driver 03,Synthetic Team 2,uniform,9,3,0.1,0.29345703125,1.0,5.5,2.0,10.0
synthetic-14,2021-07-16 00:00:00+00:00,Synthetic Driver 04,Synthetic Team 2,uniform,7,4,0.1,0.304443359375,1.0,5.5,1.0,10.0
synthetic-14,2021-07-16 00:00:00+00:00,Synthetic Driver 05,Synthetic Team 3,uniform,3,5,0.1,0.298095703125,1.0,5.5,1.0,10.0
synthetic-14,2021-07-16 00:00:00+00:00,Synthetic Driver 06,Synthetic Team 3,uniform,2,6,0.1,0.302001953125,1.0,5.5,1.0,9.0
synthetic-14,2021-07-16 00:00:00+00:00,Synthetic Driver 07,Synthetic Team 4,uniform,4,7,0.1,0.298583984375,1.0,5.5,1.0,9.0
synthetic-14,2021-07-16 00:00:00+00:00,Synthetic Driver 08,Synthetic Team 4,uniform,8,8,0.1,0.30908203125,1.0,5.5,2.0,10.0
synthetic-14,2021-07-16 00:00:00+00:00,Synthetic Driver 09,Synthetic Team 5,uniform,5,9,0.1,0.31005859375,1.0,5.5,1.0,9.0
synthetic-14,2021-07-16 00:00:00+00:00,Synthetic Driver 10,Synthetic Team 5,uniform,6,10,0.1,0.291015625,1.0,5.5,2.0,10.0
synthetic-14,2021-07-16 00:00:00+00:00,Synthetic Driver 01,Synthetic Team 1,qualifying_order,10,8,8.043776482175755e-06,0.000244140625,1.0,7.991150378909821,7.0,9.0
synthetic-14,2021-07-16 00:00:00+00:00,Synthetic Driver 02,Synthetic Team 1,qualifying_order,1,3,0.03005427192442025,0.809814453125,1.0,3.008849621090179,2.0,4.0
synthetic-14,2021-07-16 00:00:00+00:00,Synthetic Driver 03,Synthetic Team 2,qualifying_order,9,10,2.995584033232636e-07,0.0,1.0,9.793481669692122,9.0,10.0
synthetic-14,2021-07-16 00:00:00+00:00,Synthetic Driver 04,Synthetic Team 2,qualifying_order,7,7,4.168206605942816e-05,0.000244140625,1.0,6.998295810852584,6.0,8.0
synthetic-14,2021-07-16 00:00:00+00:00,Synthetic Driver 05,Synthetic Team 3,qualifying_order,3,1,0.8070207445780995,0.999755859375,1.0,1.2065183303078781,1.0,2.0
synthetic-14,2021-07-16 00:00:00+00:00,Synthetic Driver 06,Synthetic Team 3,qualifying_order,2,2,0.1557383090514286,0.986328125,1.0,2.044755461570211,1.0,3.0
synthetic-14,2021-07-16 00:00:00+00:00,Synthetic Driver 07,Synthetic Team 4,qualifying_order,4,9,1.5522824613097267e-06,0.0,1.0,8.955244538429788,8.0,10.0
synthetic-14,2021-07-16 00:00:00+00:00,Synthetic Driver 08,Synthetic Team 4,qualifying_order,8,6,0.00021599240541211393,0.0068359375,1.0,5.999732429911181,5.0,7.0
synthetic-14,2021-07-16 00:00:00+00:00,Synthetic Driver 09,Synthetic Team 5,qualifying_order,5,4,0.005799852755616576,0.166015625,1.0,4.001704189147416,3.0,5.0
synthetic-14,2021-07-16 00:00:00+00:00,Synthetic Driver 10,Synthetic Team 5,qualifying_order,6,5,0.001119251601616768,0.03076171875,1.0,5.000267570088818,4.0,6.0
synthetic-14,2021-07-16 00:00:00+00:00,Synthetic Driver 01,Synthetic Team 1,recent_form,10,8,0.000587041169941206,0.003662109375,1.0,7.421434930831657,5.0,9.0
synthetic-14,2021-07-16 00:00:00+00:00,Synthetic Driver 02,Synthetic Team 1,recent_form,1,4,0.07062561621152956,0.40087890625,1.0,3.403534009312763,2.0,4.0
synthetic-14,2021-07-16 00:00:00+00:00,Synthetic Driver 03,Synthetic Team 2,recent_form,9,9,0.00011891518884383626,0.000732421875,1.0,9.077777964285326,7.0,10.0
synthetic-14,2021-07-16 00:00:00+00:00,Synthetic Driver 04,Synthetic Team 2,recent_form,7,10,0.00011891518884383626,0.000244140625,1.0,9.077777964285326,7.0,10.0
synthetic-14,2021-07-16 00:00:00+00:00,Synthetic Driver 05,Synthetic Team 3,recent_form,3,1,0.4549517624603026,0.963623046875,1.0,1.7893807514629185,1.0,3.0
synthetic-14,2021-07-16 00:00:00+00:00,Synthetic Driver 06,Synthetic Team 3,recent_form,2,2,0.3486530591401735,0.935302734375,1.0,2.006785551441812,1.0,3.0
synthetic-14,2021-07-16 00:00:00+00:00,Synthetic Driver 07,Synthetic Team 4,recent_form,4,7,0.00076602056944561,0.006103515625,1.0,7.114844084525258,5.0,9.0
synthetic-14,2021-07-16 00:00:00+00:00,Synthetic Driver 08,Synthetic Team 4,recent_form,8,5,0.002220894447479414,0.013916015625,1.0,5.94122231730871,5.0,7.0
synthetic-14,2021-07-16 00:00:00+00:00,Synthetic Driver 09,Synthetic Team 5,recent_form,5,6,0.0017019862478468545,0.01171875,1.0,6.2175168944623085,5.0,8.0
synthetic-14,2021-07-16 00:00:00+00:00,Synthetic Driver 10,Synthetic Team 5,recent_form,6,3,0.1202557893755934,0.663818359375,1.0,2.949725532083921,1.0,4.0
synthetic-14,2021-07-16 00:00:00+00:00,Synthetic Driver 01,Synthetic Team 1,ridge_rank,10,7,0.00019916573600626292,0.00439453125,1.0,7.476895076604272,6.0,9.0
synthetic-14,2021-07-16 00:00:00+00:00,Synthetic Driver 02,Synthetic Team 1,ridge_rank,1,3,0.03002805804641898,0.58447265625,1.0,3.3807922750912875,3.0,4.0
synthetic-14,2021-07-16 00:00:00+00:00,Synthetic Driver 03,Synthetic Team 2,ridge_rank,9,10,1.1090209707980626e-05,0.000244140625,1.0,9.659273673074553,9.0,10.0
synthetic-14,2021-07-16 00:00:00+00:00,Synthetic Driver 04,Synthetic Team 2,ridge_rank,7,9,4.142214715724674e-05,0.000244140625,1.0,8.789595196598523,7.0,10.0
synthetic-14,2021-07-16 00:00:00+00:00,Synthetic Driver 05,Synthetic Team 3,ridge_rank,3,1,0.6432263407525118,0.998046875,1.0,1.3993037251951486,1.0,2.0
synthetic-14,2021-07-16 00:00:00+00:00,Synthetic Driver 06,Synthetic Team 3,ridge_rank,2,2,0.30511515339090506,0.989990234375,1.0,1.8358915436043688,1.0,3.0
synthetic-14,2021-07-16 00:00:00+00:00,Synthetic Driver 07,Synthetic Team 4,ridge_rank,4,8,0.00015933892437198892,0.00341796875,1.0,7.670166004109237,7.0,9.0
synthetic-14,2021-07-16 00:00:00+00:00,Synthetic Driver 08,Synthetic Team 4,ridge_rank,8,6,0.0014941260936735049,0.029541015625,1.0,5.804936644884511,5.0,7.0
synthetic-14,2021-07-16 00:00:00+00:00,Synthetic Driver 09,Synthetic Team 5,ridge_rank,5,5,0.003405794143822809,0.07177734375,1.0,5.129297978415212,4.0,6.0
synthetic-14,2021-07-16 00:00:00+00:00,Synthetic Driver 10,Synthetic Team 5,ridge_rank,6,4,0.01631951055542429,0.31787109375,1.0,3.853847882422884,3.0,5.0
synthetic-14,2021-07-16 00:00:00+00:00,Synthetic Driver 01,Synthetic Team 1,gradient_boosting,10,8,7.204729960171476e-08,0.0,1.0,7.376103548961157,6.0,8.0
synthetic-14,2021-07-16 00:00:00+00:00,Synthetic Driver 02,Synthetic Team 1,gradient_boosting,1,3,0.009448272157140452,0.893310546875,1.0,3.0689973910995767,3.0,4.0
synthetic-14,2021-07-16 00:00:00+00:00,Synthetic Driver 03,Synthetic Team 2,gradient_boosting,9,10,1.1870232328572058e-10,0.0,1.0,9.630623583538307,9.0,10.0
synthetic-14,2021-07-16 00:00:00+00:00,Synthetic Driver 04,Synthetic Team 2,gradient_boosting,7,9,2.0544282465894546e-10,0.0,1.0,9.360710619044362,9.0,10.0
synthetic-14,2021-07-16 00:00:00+00:00,Synthetic Driver 05,Synthetic Team 3,gradient_boosting,3,1,0.4947131512366602,0.999755859375,1.0,1.5210103290149595,1.0,2.0
synthetic-14,2021-07-16 00:00:00+00:00,Synthetic Driver 06,Synthetic Team 3,gradient_boosting,2,2,0.4947131512366602,1.0,1.0,1.5210103290149595,1.0,2.0
synthetic-14,2021-07-16 00:00:00+00:00,Synthetic Driver 07,Synthetic Team 4,gradient_boosting,4,7,1.1108485225705157e-07,0.0,1.0,7.062783410716968,6.0,8.0
synthetic-14,2021-07-16 00:00:00+00:00,Synthetic Driver 08,Synthetic Team 4,gradient_boosting,8,6,3.0969353540337475e-07,0.000244140625,1.0,6.2812626015224335,5.0,7.0
synthetic-14,2021-07-16 00:00:00+00:00,Synthetic Driver 09,Synthetic Team 5,gradient_boosting,5,5,1.4886977051463775e-06,0.0,1.0,5.286536253103159,5.0,6.0
synthetic-14,2021-07-16 00:00:00+00:00,Synthetic Driver 10,Synthetic Team 5,gradient_boosting,6,4,0.0011234435220014891,0.106689453125,1.0,3.890961933984117,3.0,4.0
synthetic-15,2021-07-30 00:00:00+00:00,Synthetic Driver 01,Synthetic Team 1,uniform,8,1,0.1,0.300537109375,1.0,5.5,2.0,9.0
synthetic-15,2021-07-30 00:00:00+00:00,Synthetic Driver 02,Synthetic Team 1,uniform,2,2,0.1,0.292724609375,1.0,5.5,2.0,10.0
synthetic-15,2021-07-30 00:00:00+00:00,Synthetic Driver 03,Synthetic Team 2,uniform,10,3,0.1,0.29345703125,1.0,5.5,2.0,10.0
synthetic-15,2021-07-30 00:00:00+00:00,Synthetic Driver 04,Synthetic Team 2,uniform,9,4,0.1,0.304443359375,1.0,5.5,1.0,10.0
synthetic-15,2021-07-30 00:00:00+00:00,Synthetic Driver 05,Synthetic Team 3,uniform,6,5,0.1,0.298095703125,1.0,5.5,1.0,10.0
synthetic-15,2021-07-30 00:00:00+00:00,Synthetic Driver 06,Synthetic Team 3,uniform,5,6,0.1,0.302001953125,1.0,5.5,1.0,9.0
synthetic-15,2021-07-30 00:00:00+00:00,Synthetic Driver 07,Synthetic Team 4,uniform,3,7,0.1,0.298583984375,1.0,5.5,1.0,9.0
synthetic-15,2021-07-30 00:00:00+00:00,Synthetic Driver 08,Synthetic Team 4,uniform,7,8,0.1,0.30908203125,1.0,5.5,2.0,10.0
synthetic-15,2021-07-30 00:00:00+00:00,Synthetic Driver 09,Synthetic Team 5,uniform,4,9,0.1,0.31005859375,1.0,5.5,1.0,9.0
synthetic-15,2021-07-30 00:00:00+00:00,Synthetic Driver 10,Synthetic Team 5,uniform,1,10,0.1,0.291015625,1.0,5.5,2.0,10.0
synthetic-15,2021-07-30 00:00:00+00:00,Synthetic Driver 01,Synthetic Team 1,qualifying_order,8,8,0.0013028386825366443,0.01220703125,1.0,7.88192871638204,6.0,9.0
synthetic-15,2021-07-30 00:00:00+00:00,Synthetic Driver 02,Synthetic Team 1,qualifying_order,2,4,0.04257227118646528,0.28564453125,1.0,4.047657425518631,2.0,6.0
synthetic-15,2021-07-30 00:00:00+00:00,Synthetic Driver 03,Synthetic Team 2,qualifying_order,10,10,0.00022791481542994095,0.001953125,1.0,9.436802793253793,8.0,10.0
synthetic-15,2021-07-30 00:00:00+00:00,Synthetic Driver 04,Synthetic Team 2,qualifying_order,9,9,0.0005449185607641996,0.0029296875,1.0,8.732102444169541,7.0,10.0
synthetic-15,2021-07-30 00:00:00+00:00,Synthetic Driver 05,Synthetic Team 3,qualifying_order,6,1,0.5818405048503189,0.978271484375,1.0,1.5631972067462068,1.0,3.0
synthetic-15,2021-07-30 00:00:00+00:00,Synthetic Driver 06,Synthetic Team 3,qualifying_order,5,2,0.24335759656755004,0.89013671875,1.0,2.2678975558304573,1.0,4.0
synthetic-15,2021-07-30 00:00:00+00:00,Synthetic Driver 07,Synthetic Team 4,qualifying_order,3,6,0.007447469483332388,0.048095703125,1.0,5.9873619184376645,4.0,8.0
synthetic-15,2021-07-30 00:00:00+00:00,Synthetic Driver 08,Synthetic Team 4,qualifying_order,7,5,0.017806057691059834,0.127685546875,1.0,5.0126380815623355,3.0,7.0
synthetic-15,2021-07-30 00:00:00+00:00,Synthetic Driver 09,Synthetic Team 5,qualifying_order,4,7,0.0031149400202727254,0.025634765625,1.0,6.952342574481369,5.0,8.0
synthetic-15,2021-07-30 00:00:00+00:00,Synthetic Driver 10,Synthetic Team 5,qualifying_order,1,3,0.10178548814226988,0.62744140625,1.0,3.1180712836179603,1.0,5.0
synthetic-15,2021-07-30 00:00:00+00:00,Synthetic Driver 01,Synthetic Team 1,recent_form,8,8,0.00407843640892706,0.017578125,1.0,7.728085403197728,5.0,10.0
synthetic-15,2021-07-30 00:00:00+00:00,Synthetic Driver 02,Synthetic Team 1,recent_form,2,2,0.29961809843589843,0.817138671875,1.0,2.3453439750309917,1.0,4.0
synthetic-15,2021-07-30 00:00:00+00:00,Synthetic Driver 03,Synthetic Team 2,recent_form,10,10,0.002105742845989134,0.01171875,1.0,8.624512556214128,6.0,10.0
synthetic-15,2021-07-30 00:00:00+00:00,Synthetic Driver 04,Synthetic Team 2,recent_form,9,9,0.003457176918794134,0.014892578125,1.0,7.9649682299071936,5.0,10.0
synthetic-15,2021-07-30 00:00:00+00:00,Synthetic Driver 05,Synthetic Team 3,recent_form,6,3,0.253977914697481,0.769775390625,1.0,2.5230667523582495,1.0,4.0
synthetic-15,2021-07-30 00:00:00+00:00,Synthetic Driver 06,Synthetic Team 3,recent_form,5,1,0.2996180984358986,0.825927734375,1.0,2.3453439750309912,1.0,4.0
synthetic-15,2021-07-30 00:00:00+00:00,Synthetic Driver 07,Synthetic Team 4,recent_form,3,6,0.00931867459857731,0.039306640625,1.0,6.506033096308487,5.0,9.0
synthetic-15,2021-07-30 00:00:00+00:00,Synthetic Driver 08,Synthetic Team 4,recent_form,7,7,0.0056759410440872845,0.0244140625,1.0,7.240586187792992,5.0,9.0
synthetic-15,2021-07-30 00:00:00+00:00,Synthetic Driver 09,Synthetic Team 5,recent_form,4,5,0.010993253356278291,0.0537109375,1.0,6.267614493570518,4.0,8.0
synthetic-15,2021-07-30 00:00:00+00:00,Synthetic Driver 10,Synthetic Team 5,recent_form,1,4,0.11115666325806874,0.425537109375,1.0,3.4544453305887224,1.0,5.0
synthetic-15,2021-07-30 00:00:00+00:00,Synthetic Driver 01,Synthetic Team 1,ridge_rank,8,8,0.006185547382181694,0.038330078125,1.0,7.41199364752394,5.0,9.0
synthetic-15,2021-07-30 00:00:00+00:00,Synthetic Driver 02,Synthetic Team 1,ridge_rank,2,4,0.09055240757565725,0.43017578125,1.0,3.6498210284970476,2.0,6.0
synthetic-15,2021-07-30 00:00:00+00:00,Synthetic Driver 03,Synthetic Team 2,ridge_rank,10,10,0.0016110275179659706,0.0107421875,1.0,9.031425222366526,7.0,10.0
synthetic-15,2021-07-30 00:00:00+00:00,Synthetic Driver 04,Synthetic Team 2,ridge_rank,9,9,0.0022777302757590124,0.01171875,1.0,8.671588577346437,6.0,10.0
synthetic-15,2021-07-30 00:00:00+00:00,Synthetic Driver 05,Synthetic Team 3,ridge_rank,6,1,0.4400528186886338,0.933349609375,1.0,1.8923792589441322,1.0,3.0
synthetic-15,2021-07-30 00:00:00+00:00,Synthetic Driver 06,Synthetic Team 3,ridge_rank,5,2,0.31484181337469036,0.870849609375,1.0,2.212166195607893,1.0,4.0
synthetic-15,2021-07-30 00:00:00+00:00,Synthetic Driver 07,Synthetic Team 4,ridge_rank,3,7,0.012851597170530277,0.063232421875,1.0,6.35996325053748,4.0,8.0
synthetic-15,2021-07-30 00:00:00+00:00,Synthetic Driver 08,Synthetic Team 4,ridge_rank,7,5,0.016464544169853153,0.085693359375,1.0,5.996885628022923,4.0,8.0
synthetic-15,2021-07-30 00:00:00+00:00,Synthetic Driver 09,Synthetic Team 5,ridge_rank,4,6,0.013688780514420452,0.074951171875,1.0,6.267424014429233,4.0,8.0
synthetic-15,2021-07-30 00:00:00+00:00,Synthetic Driver 10,Synthetic Team 5,ridge_rank,1,3,0.1014737333303081,0.48095703125,1.0,3.5063531767243905,1.0,5.0
synthetic-15,2021-07-30 00:00:00+00:00,Synthetic Driver 01,Synthetic Team 1,gradient_boosting,8,6,0.008889069547082061,0.051025390625,1.0,6.731860570389882,4.0,9.0
synthetic-15,2021-07-30 00:00:00+00:00,Synthetic Driver 02,Synthetic Team 1,gradient_boosting,2,4,0.06807785649913768,0.338623046875,1.0,3.9194945340603686,2.0,6.0
synthetic-15,2021-07-30 00:00:00+00:00,Synthetic Driver 03,Synthetic Team 2,gradient_boosting,10,10,0.0025933522176065866,0.016845703125,1.0,8.508389084384213,6.0,10.0
synthetic-15,2021-07-30 00:00:00+00:00,Synthetic Driver 04,Synthetic Team 2,gradient_boosting,9,9,0.0034868799485014675,0.0185546875,1.0,8.113696014208834,6.0,10.0
synthetic-15,2021-07-30 00:00:00+00:00,Synthetic Driver 05,Synthetic Team 3,gradient_boosting,6,1,0.38385496861793234,0.92138671875,1.0,2.0034705073798977,1.0,3.0
synthetic-15,2021-07-30 00:00:00+00:00,Synthetic Driver 06,Synthetic Team 3,gradient_boosting,5,2,0.38385496861793234,0.91552734375,1.0,2.0034705073798977,1.0,3.0
synthetic-15,2021-07-30 00:00:00+00:00,Synthetic Driver 07,Synthetic Team 4,gradient_boosting,3,7,0.0058021196507802575,0.029541015625,1.0,7.375388272930574,5.0,10.0
synthetic-15,2021-07-30 00:00:00+00:00,Synthetic Driver 08,Synthetic Team 4,gradient_boosting,7,5,0.022052626748702776,0.120361328125,1.0,5.402165716323423,3.0,7.0
synthetic-15,2021-07-30 00:00:00+00:00,Synthetic Driver 09,Synthetic Team 5,gradient_boosting,4,8,0.004748177981809556,0.0302734375,1.0,7.672517149484231,5.0,10.0
synthetic-15,2021-07-30 00:00:00+00:00,Synthetic Driver 10,Synthetic Team 5,gradient_boosting,1,3,0.11663998017051497,0.557861328125,1.0,3.269547643458677,1.0,5.0
